domain,techs,count
root_domain,Unreachable,0
jcmobilecigars.com,Unreachable,0
somalidisablesupport.com,Unreachable,0
yourfamilylines.com,Unreachable,0
szentkristofudvarhaz.hu,Unreachable,0
disneystore.com,Unreachable,0
chavchavadze-m2-41-tbilisi.booked.net,,0
trs-energycontrol.de,"Wix, React",2
xn--kleoghvidevareservice-qfc.dk,"Google Fonts, jQuery, Font Awesome, WordPress",4
gogroupauto.com,Unreachable,0
231selfstorage.com,Unreachable,0
globalrn.com,Google Fonts,1
cytofastmed.com,Unreachable,0
5starremoval.weebly.com,jQuery,1
coenzwezerijnen.nu,,0
gutendorf.ru,Unreachable,0
katesworldtravel.com,Unreachable,0
3xd.co.uk,"OneTrust, WordPress, Font Awesome, Bootstrap, jQuery, reCAPTCHA, Google Analytics/GTM",7
gapconstructionwi.com,"Wix, React",2
imgs.co.jp,Unreachable,0
clotting-guide.online,"Google Fonts, WordPress, Font Awesome, React, jQuery",5
38inspect.com,"Google Fonts, YouTube, WordPress, Font Awesome, jQuery, reCAPTCHA",6
newbeaverborough.org,"Font Awesome, jQuery, WordPress",3
largsbaychiropractic.com.au,"Google Fonts, reCAPTCHA, Squarespace",3
rsthealthcare.com,Google Fonts,1
dioxoxigenio.com.br,Unreachable,0
doringpoort.com,Unreachable,0
fsbwyoming.com,,0
msc-manching.de,Unreachable,0
sgsextremaratio.it,Unreachable,0
coastwidemechanicalcentralcoast.com.au,"Google Fonts, jQuery, WordPress, Google Analytics/GTM",4
amourfinder.com,,0
lojatatical.com.br,Unreachable,0
jobresourcecentre.com,Unreachable,0
ferienwohnung-kastell.de,Unreachable,0
253media.com,Unreachable,0
velvety.eu,Unreachable,0
doortodoororganics.com,"Font Awesome, Cloudflare",2
kentpropertyrenovations.co.uk,"Font Awesome, jQuery, YouTube, WordPress",4
fisherinvestments.com,,0
rionecontrastanga.net,"Google Fonts, jQuery, Font Awesome, WordPress",4
stwannas.com,"Angular, Cloudflare",2
empresasori.com,"Google Fonts, WordPress, Font Awesome, React, jQuery",5
familybroker.cz,,0
genesisny.net,Google Analytics/GTM,1
5w.design,"jQuery, WordPress",2
huberautomotive.com,"YouTube, Bootstrap, React, jQuery, Facebook Pixel, Google Analytics/GTM",6
marien-apotheke-grefrath-app.de,,0
centreconsiliereavort.ro,"jQuery, YouTube, Vimeo, WordPress",4
infoaboutnetwork.com,"Google Fonts, jQuery, WordPress",3
11853prospecthill.com,"Google Fonts, YouTube, Cloudflare, Vimeo, jQuery, Facebook Pixel, Google Analytics/GTM",7
passwordstore.it,"Google Fonts, YouTube, WordPress, jQuery, Google Analytics/GTM",5
avocatalinamanciu.ro,"Google Fonts, WordPress, Font Awesome, jQuery, Google Analytics/GTM",5
abcdpinturas.com.br,Unreachable,0
dssfla.com,Unreachable,0
weducars.co.za,Unreachable,0
4stonebuildings.com,"Font Awesome, jQuery, WordPress, Google Analytics/GTM",4
maniaupiekszania.pl,Unreachable,0
laplumedelisibilite.fr,"Google Fonts, jQuery, Google Analytics/GTM",3
sprucemeadowsmd.com,Unreachable,0
natedea.co.uk,Unreachable,0
loizillon.com,"Font Awesome, jQuery, Google Analytics/GTM",3
haus-muehlenfeld-pommerby.de,,0
arenaskolor.se,"Google Fonts, jQuery, WordPress",3
boken.ch,"Google Fonts, jQuery, Font Awesome, WordPress",4
restwellstreetmedicalcentre.com.au,"Google Fonts, jQuery, Font Awesome, Google Analytics/GTM",4
den-a-sha.co.jp,,0
365outsource.com,"Google Fonts, YouTube, Cloudflare, WordPress, Font Awesome, jQuery, Google Analytics/GTM",7
aida-cruises.at,Unreachable,0
lets.gr,Unreachable,0
skywayrestaurants.net,Unreachable,0
2020wealthadvisory.com,"Cloudflare, WordPress, Font Awesome, Vimeo, jQuery",5
hnafirm.com,Unreachable,0
itsolutions24.pl,"jQuery, WordPress",2
aaice.net,Unreachable,0
ecolab.com,Unreachable,0
mehmetefendimacedonia.com,jQuery,1
2ldm.com,"Google Fonts, jQuery, WordPress, Google Analytics/GTM",4
westchesterpointechiro.com,"jQuery, YouTube, Google Analytics/GTM",3
cei-expertises.fr,"Google Fonts, jQuery, WordPress, React",4
seringa-safaris.com,Unreachable,0
1planettechnologies.weebly.com,jQuery,1
soziale-dreigliederung.de,,0
premierhomeremodeling.net,Unreachable,0
bas-ingenieria.cl,Unreachable,0
produkttheater.de,"Google Analytics/GTM, jQuery, reCAPTCHA, Next.js",4
unnames.com,"jQuery, Shopify, Facebook Pixel",3
handycars.com,Unreachable,0
antikebau.de,Unreachable,0
3strandschurch.org,Unreachable,0
alabamabuildingcontractor.com,"Google Fonts, jQuery, WordPress",3
resourceservicesolutions.com,jQuery,1
skywardspeech.com.au,,0
sevecoitalia.com,Unreachable,0
nielsbirk.dk,"Google Fonts, YouTube, Cloudflare, Klaviyo, Cookiebot, Google Analytics/GTM",6
branson-connection.com,,0
phucankhanggroup.com,Unreachable,0
roccofortehotels.cn,,0
everhartsoutdoor.com,,0
europeaninns.com,,0
massageforworldpeace.com,Unreachable,0
cultivateventures.co.nz,Unreachable,0
amaronbattery.in,Unreachable,0
radxmobile.com,"Wix, React",2
2-com.net,"reCAPTCHA, jQuery, Bootstrap, Google Analytics/GTM",4
3bsexcavating.com,"Google Fonts, Cloudflare, WordPress, Font Awesome, jQuery, Google Analytics/GTM",6
weissbauchpapageien.de,"Angular, Cloudflare",2
959marine.com,"jQuery, reCAPTCHA",2
hansis-knusperhendl-foodtruck.eatbu.com,"jQuery, Google Analytics/GTM",2
broganlmt.com,"Wix, React",2
juanmunozhomesmart.com,,0
buchhaltungsservice-koenig.de,"jQuery, WordPress",2
solvos.nl,Unreachable,0
261welfarefund.com,"Google Fonts, WordPress",2
costa-coffee.be,Unreachable,0
startravelcompany.com,Unreachable,0
disinfestazioniepiscine.it,Unreachable,0
lscms.org,Unreachable,0
3dwealthadvisory.com,"Google Fonts, jQuery, WordPress",3
jackwills.com,Unreachable,0
nevsproductions.com,Google Analytics/GTM,1
kande-hoikuen.ed.jp,Unreachable,0
orifoodsco.com,"Google Fonts, Squarespace",2
deerfieldbeachautomall.com,"Google Analytics/GTM, jQuery, React",3
insieme.stanford.edu,"Cloudflare, Drupal, Font Awesome, jQuery, Google Analytics/GTM",5
layer7innovations.ca,"YouTube, jQuery, Bootstrap, Cloudflare",4
makpharma-eg.com,React,1
ejc-courtage-assurances.fr,Unreachable,0
ferrateoxidant.com,Unreachable,0
oakwell.vet,"Google Fonts, YouTube, WordPress, Font Awesome, jQuery, Facebook Pixel, Google Analytics/GTM",7
mysterion.hr,"Google Fonts, WordPress, Font Awesome, jQuery, reCAPTCHA, Google Analytics/GTM",6
howellmotors.com,Unreachable,0
lorenz-baumarkt.de,Unreachable,0
eclairage-solaire-occitanie.com,"Google Analytics/GTM, Wix, React",3
cmc01village.com,"Google Fonts, jQuery, reCAPTCHA, Google Analytics/GTM",4
maiquotes.net,"jQuery, WordPress",2
cmresolutions.com,,0
wglchurch.com,,0
nwmotorinn.com,Unreachable,0
dorpsbelangen.nu,Unreachable,0
littlerockafamily.de,Unreachable,0
evelynanders.com,Unreachable,0
domekvefaru.com,,0
sdmdjentertainment.com,"Vimeo, PayPal, YouTube, React",4
ideenhunger.com,"jQuery, reCAPTCHA, Cloudflare, Google Analytics/GTM",4
jenniferbacksteininteriors.com,Unreachable,0
elcolegiocongresosyrestaurante.com,Amazon S3,1
northshoremacnut.com,"Google Analytics/GTM, Wix, React",3
powercleaning.services,"Google Fonts, YouTube, WordPress, Vimeo, jQuery, Google Analytics/GTM",6
stoperbis.pl,Unreachable,0
verticalcommunitychurch.com,Unreachable,0
gitesducharmois.fr,"Wix, React",2
allegrocreditbeta.com,"Google Fonts, jQuery, Font Awesome, Cloudflare",4
hoffmaninstitute.co.uk,"YouTube, Cloudflare, WordPress, Font Awesome, Bootstrap, Tailwind CSS, jQuery, reCAPTCHA",8
a3sec.com,"Google Fonts, YouTube, Hotjar, jQuery, HubSpot, Google Analytics/GTM",6
concrete-fitness.edan.io,"Google Fonts, Cloudflare, Bootstrap, jQuery, Google Analytics/GTM",5
nicholsonchiro.com,Unreachable,0
la-residenza-del-principe-rome-it.booked.net,,0
jonesbuickgmc.com,Unreachable,0
xn--jobvrkstedet-9cb.nu,Unreachable,0
appelpsychotherapy.com,Unreachable,0
brucebournesold.com,Unreachable,0
pcb-cpb.com,"Wix, React",2
chiantifiorentino.it,Unreachable,0
11thhourracing.org,"Google Fonts, YouTube, Cloudflare, jQuery, Facebook Pixel, Google Analytics/GTM",6
miratrade.com.tr,WordPress,1
freo.com.au,Unreachable,0
fluxar.com.ar,Unreachable,0
redpants.jp,Unreachable,0
bata.edu.hu,Unreachable,0
3-energie-klaas.de,Bootstrap,1
labdemo.com,Unreachable,0
1ststopsupply.com,"Google Fonts, WordPress, Font Awesome, jQuery, reCAPTCHA",5
celiabedilia.com,Unreachable,0
davidloeppke.com,"Google Fonts, jQuery, Google Analytics/GTM",3
wrinkle-pei.cz,,0
koniczynka.info.pl,"Google Fonts, Cloudflare, WordPress, Font Awesome, jQuery, WooCommerce",6
footasylum.com,Unreachable,0
2agateway.com,WordPress,1
ledestjernenstu.dk,Unreachable,0
1stlocksheathscouts.org.uk,"Google Fonts, YouTube, WordPress, Font Awesome, jQuery",5
tamcconstruction.net,Unreachable,0
abbikadabbisbakingco.com,Google Analytics/GTM,1
herbalwise.ie,"Shopify, PayPal, Google Analytics/GTM",3
deepseass.com,Unreachable,0
aardvarkelectriccorp.com,Unreachable,0
needaphysio.com,Unreachable,0
thomasrosenbaum.com,Unreachable,0
100wwcstlw.org,"Vimeo, YouTube, Cloudflare",3
shapirolawfirm.com,"Google Fonts, jQuery, Font Awesome, WordPress",4
joseph-herber.business.site,,0
arol.cl,,0
sindacatobadanti.it,"jQuery, WordPress",2
1stclairavewest.com,Unreachable,0
lighthouseprc.org,Unreachable,0
5rcircleprocess.weebly.com,"Google Fonts, jQuery",2
unitedveterinaryservice.com,Unreachable,0
construccionesyatecnicas.com,"Google Fonts, jQuery",2
joburgheritage.org.za,Unreachable,0
bfnelson.it,Unreachable,0
rivithead.com,,0
